id,link
0,https://fr.audiofanzine.com/instrument-materiel-audio/
1,https://fr.audiofanzine.com/news/
2,https://fr.audiofanzine.com/editorial/
3,https://fr.audiofanzine.com/medias/
4,https://fr.audiofanzine.com/pedago/
5,https://fr.audiofanzine.com/avis/
6,https://fr.audiofanzine.com/petites-annonces/
7,https://fr.audiofanzine.com/forums/
8,https://fr.audiofanzine.com/instrument-materiel-audio/
9,https://fr.audiofanzine.com/news/
10,https://fr.audiofanzine.com/editorial/
11,https://fr.audiofanzine.com/medias/
12,https://fr.audiofanzine.com/pedago/
13,https://fr.audiofanzine.com/avis/
14,https://fr.audiofanzine.com/petites-annonces/
15,https://fr.audiofanzine.com/forums/
